"ID";"位号";"包";"数量";"名称";"供应商和位号";
1;"H3,H2,H1";"Hole_1.152mm_JLCSMT";3;"MountingHole";;;
2;"C1";"C_0603_1608Metric";1;"1uF";;;
3;"C2";"C_0603_1608Metric";1;"10uF";;;
4;"C3";"C_0603_1608Metric";1;"100nF";;;
5;"R1";"R_0603_1608Metric";1;"20.5K";;;
6;"R2,R3,R4,R5";"R_0603_1608Metric";4;"10K";;;
7;"U1";"WQFN-28_L4.5-W3.5-H0.8-P0.4";1;"VL160";;;
8;"J1";"USB-C-SMD_TYPE-C-31-G-01";1;"USB_C_Receptacle";;;
9;"J2";"USB-A-SMD_U231-091N-4BLRA00-S-1";1;"USB3_A";;;
10;"U2";"SOT-23";1;"SE8550";;;
